disciplina,tema,n_historico,N_disciplina,p_historico,peso_edital,pontos_esperados,taxa_acerto_atual,fonte_taxa,dificuldade_para_mim,prioridade
SUS,Lei nº 8.080/1990,103,315,0.322,2.6,12.557,0.55,estimativa inicial,0.45,5.651
SUS,APS e ESF,97,315,0.3034,2.6,11.833,0.55,estimativa inicial,0.45,5.325
Português,Interpretação e Análise Textual,112,166,0.657,1.1,7.227,0.6,estimativa inicial,0.4,2.891
Perícia,Doenças ocupacionais e relacionadas ao trabalho,18,35,0.3167,2.6,12.35,0.8,estimativa inicial,0.2,2.47
SUS,Indicadores e monitoramento,43,315,0.1362,2.6,5.313,0.55,estimativa inicial,0.45,2.391
SUS,Gestão municipal do SUS,31,315,0.0991,2.6,3.864,0.55,estimativa inicial,0.45,1.739
Perícia,Bioética aplicada à perícia médica,12,35,0.2167,2.6,8.45,0.8,estimativa inicial,0.2,1.69
SUS,Controle social,26,315,0.0836,2.6,3.26,0.55,estimativa inicial,0.45,1.467
SUS,Financiamento,15,315,0.0495,2.6,1.932,0.55,estimativa inicial,0.45,0.869
Informática,Conceitos de segurança da informação e proteção de dados,20,58,0.2958,1.1,1.627,0.5,estimativa inicial,0.5,0.813
Constitucional,Administração Pública na CF,13,38,0.2642,1.1,1.453,0.45,estimativa inicial,0.55,0.799
Português,Sintaxe,29,166,0.1744,1.1,1.919,0.6,estimativa inicial,0.4,0.767
Constitucional,Organização dos Poderes,10,38,0.2075,1.1,1.142,0.45,estimativa inicial,0.55,0.628
Informática,Utilização de planilhas eletrônicas,15,58,0.2254,1.1,1.239,0.5,estimativa inicial,0.5,0.62
Português,Fonologia,20,166,0.1221,1.1,1.343,0.6,estimativa inicial,0.4,0.537
Informática,Aplicativos de escritório,10,58,0.1549,1.1,0.852,0.5,estimativa inicial,0.5,0.426
Constitucional,Federalismo e organização do Estado,6,38,0.1321,1.1,0.726,0.45,estimativa inicial,0.55,0.4
Perícia,Classificação Internacional de Doenças (CID-10/CID-11),2,35,0.05,2.6,1.95,0.8,estimativa inicial,0.2,0.39
Constitucional,Direitos e garantias fundamentais,4,38,0.0943,1.1,0.519,0.45,estimativa inicial,0.55,0.285
Constitucional,Princípios fundamentais,4,38,0.0943,1.1,0.519,0.45,estimativa inicial,0.55,0.285
Perícia,Avaliação da capacidade laborativa,1,35,0.0333,2.6,1.3,0.8,estimativa inicial,0.2,0.26
Perícia,Avaliação de dano corporal e nexo causal,1,35,0.0333,2.6,1.3,0.8,estimativa inicial,0.2,0.26
Perícia,Perícia médica previdenciária,1,35,0.0333,2.6,1.3,0.8,estimativa inicial,0.2,0.26
Informática,Conceitos básicos de hardware e software,4,58,0.0704,1.1,0.387,0.5,estimativa inicial,0.5,0.194
Informática,Conceitos de sistemas operacionais,3,58,0.0563,1.1,0.31,0.5,estimativa inicial,0.5,0.155
Informática,E-mail e comunicação eletrônica no ambiente corporativo,3,58,0.0563,1.1,0.31,0.5,estimativa inicial,0.5,0.155
Perícia,Avaliação de invalidez e incapacidade permanente,0,35,0.0167,2.6,0.65,0.8,estimativa inicial,0.2,0.13
Perícia,Avaliação pericial em doenças cardiovasculares,0,35,0.0167,2.6,0.65,0.8,estimativa inicial,0.2,0.13
Perícia,Avaliação pericial em doenças dermatológicas,0,35,0.0167,2.6,0.65,0.8,estimativa inicial,0.2,0.13
Perícia,Avaliação pericial em doenças endócrinas e metabólicas,0,35,0.0167,2.6,0.65,0.8,estimativa inicial,0.2,0.13
Perícia,Avaliação pericial em doenças infecciosas,0,35,0.0167,2.6,0.65,0.8,estimativa inicial,0.2,0.13
Perícia,Avaliação pericial em doenças neurológicas,0,35,0.0167,2.6,0.65,0.8,estimativa inicial,0.2,0.13
Perícia,Avaliação pericial em doenças osteomusculares,0,35,0.0167,2.6,0.65,0.8,estimativa inicial,0.2,0.13
Perícia,Avaliação pericial em doenças psiquiátricas,0,35,0.0167,2.6,0.65,0.8,estimativa inicial,0.2,0.13
Perícia,Avaliação pericial em doenças respiratórias,0,35,0.0167,2.6,0.65,0.8,estimativa inicial,0.2,0.13
Perícia,Diagnóstico diferencial em clínica médica,0,35,0.0167,2.6,0.65,0.8,estimativa inicial,0.2,0.13
Perícia,Doenças crônicas incapacitantes,0,35,0.0167,2.6,0.65,0.8,estimativa inicial,0.2,0.13
Perícia,Epidemiologia clínica aplicada à perícia,0,35,0.0167,2.6,0.65,0.8,estimativa inicial,0.2,0.13
Perícia,Exame clínico direcionado à perícia médica,0,35,0.0167,2.6,0.65,0.8,estimativa inicial,0.2,0.13
Perícia,Incapacidade temporária / permanente,0,35,0.0167,2.6,0.65,0.8,estimativa inicial,0.2,0.13
Perícia,Interpretação de exames complementares,0,35,0.0167,2.6,0.65,0.8,estimativa inicial,0.2,0.13
Perícia,Medicina baseada em evidências,0,35,0.0167,2.6,0.65,0.8,estimativa inicial,0.2,0.13
Perícia,Nexo técnico epidemiológico,0,35,0.0167,2.6,0.65,0.8,estimativa inicial,0.2,0.13
Perícia,Prognóstico funcional das principais doenças,0,35,0.0167,2.6,0.65,0.8,estimativa inicial,0.2,0.13
Perícia,Semiologia médica aplicada à perícia,0,35,0.0167,2.6,0.65,0.8,estimativa inicial,0.2,0.13
Constitucional,Aplicabilidade e interpretação das normas,1,38,0.0377,1.1,0.208,0.45,estimativa inicial,0.55,0.114
Português,Morfologia,3,166,0.0233,1.1,0.256,0.6,estimativa inicial,0.4,0.102
Português,Semântica,2,166,0.0174,1.1,0.192,0.6,estimativa inicial,0.4,0.077
Informática,Conceitos sobre navegadores e ferramentas de busca,1,58,0.0282,1.1,0.155,0.5,estimativa inicial,0.5,0.077
Informática,Conceitos sobre redes sociais e ferramentas colaborativas,1,58,0.0282,1.1,0.155,0.5,estimativa inicial,0.5,0.077
Informática,Ferramentas de backup e recuperação de dados,1,58,0.0282,1.1,0.155,0.5,estimativa inicial,0.5,0.077
Constitucional,Controle de constitucionalidade,0,38,0.0189,1.1,0.104,0.45,estimativa inicial,0.55,0.057
Constitucional,Direitos políticos,0,38,0.0189,1.1,0.104,0.45,estimativa inicial,0.55,0.057
Constitucional,Poder constituinte,0,38,0.0189,1.1,0.104,0.45,estimativa inicial,0.55,0.057
Constitucional,Processo legislativo,0,38,0.0189,1.1,0.104,0.45,estimativa inicial,0.55,0.057
Constitucional,Remédios constitucionais,0,38,0.0189,1.1,0.104,0.45,estimativa inicial,0.55,0.057
Constitucional,Responsabilidade do Estado,0,38,0.0189,1.1,0.104,0.45,estimativa inicial,0.55,0.057
Constitucional,Segurança pública na Constituição,0,38,0.0189,1.1,0.104,0.45,estimativa inicial,0.55,0.057
Constitucional,Sistema tributário nacional,0,38,0.0189,1.1,0.104,0.45,estimativa inicial,0.55,0.057
Constitucional,Supremacia da Constituição,0,38,0.0189,1.1,0.104,0.45,estimativa inicial,0.55,0.057
SUS,CF/88 arts. 196 a 200,0,315,0.0031,2.6,0.121,0.55,estimativa inicial,0.45,0.054
SUS,Lei nº 8.142/1990,0,315,0.0031,2.6,0.121,0.55,estimativa inicial,0.45,0.054
Informática,"Conceitos de internet, intranet e redes",0,58,0.0141,1.1,0.077,0.5,estimativa inicial,0.5,0.039
Informática,Conceitos sobre armazenamento e gerenciamento de arquivos,0,58,0.0141,1.1,0.077,0.5,estimativa inicial,0.5,0.039
Informática,Conceitos sobre protocolos de comunicação na internet,0,58,0.0141,1.1,0.077,0.5,estimativa inicial,0.5,0.039
Informática,Noções de computação em nuvem,0,58,0.0141,1.1,0.077,0.5,estimativa inicial,0.5,0.039
Português,Redação Oficial,0,166,0.0058,1.1,0.064,0.6,estimativa inicial,0.4,0.026
