[Constitucional · Administração Pública na CF] Acumulação de cargos;Art. 37, XVI: é vedada a acumulação remunerada de cargos públicos, exceto, quando houver compatibilidade de horários, observado o teto: a) dois cargos de professor, b) um de professor com outro técnico ou científico, c) dois cargos ou empregos privativos de profissionais de saúde, com profissões regulamentadas. — CF/88, art. 37, XVI e XVII
[Constitucional · Administração Pública na CF] Validade do concurso;Art. 37, III: o prazo de validade do concurso público será de até dois anos, prorrogável uma vez, por igual período. — CF/88, art. 37, III
[Constitucional · Administração Pública na CF] Estabilidade;Art. 41: são estáveis após três anos de efetivo exercício os servidores nomeados para cargo de provimento efetivo em virtude de concurso. § 4º: como condição para a aquisição da estabilidade, é obrigatória a avaliação especial de desempenho por comissão. § 1º: perda por sentença transitada em julgado, processo administrativo ou avaliação periódica de desempenho. — CF/88, art. 41, caput, §§ 1º e 4º
[Constitucional · Responsabilidade do Estado] Responsabilidade objetiva;Art. 37, § 6º: as pessoas jurídicas de direito público e as de direito privado prestadoras de serviços públicos responderão pelos danos que seus agentes, nessa qualidade, causarem a terceiros, assegurado o direito de regresso contra o responsável nos casos de dolo ou culpa. — CF/88, art. 37, § 6º
[Constitucional · Remédios constitucionais] Habeas data × mandado de segurança;Art. 5º, LXXII: conceder-se-á habeas data para assegurar o conhecimento de informações relativas à pessoa do impetrante, constantes de registros ou bancos de dados de entidades governamentais ou de caráter público, e para a retificação de dados. LXXVII: são gratuitas as ações de habeas corpus e habeas data. — CF/88, art. 5º, LXXII e LXXVII
[Constitucional · Remédios constitucionais] Mandado de segurança coletivo;Art. 5º, LXX: o mandado de segurança coletivo pode ser impetrado por: a) partido político com representação no Congresso Nacional, b) organização sindical, entidade de classe ou associação legalmente constituída e em funcionamento há pelo menos um ano, em defesa dos interesses de seus membros ou associados. — CF/88, art. 5º, LXX
[Constitucional · Direitos políticos] Voto e alistamento;Art. 14, § 1º: o alistamento eleitoral e o voto são obrigatórios para os maiores de dezoito anos e facultativos para os analfabetos, os maiores de setenta anos e os maiores de dezesseis e menores de dezoito anos. — CF/88, art. 14, § 1º
[Constitucional · Direitos políticos] Idade mínima para cargos;Art. 14, § 3º, VI: idade mínima de 35 anos (Presidente, Vice e Senador), 30 (Governador e Vice), 21 (Deputados, Prefeito, Vice-Prefeito e juiz de paz), 18 (Vereador). — CF/88, art. 14, § 3º, VI
[Constitucional · Princípios fundamentais] Fundamentos da República;Erradicar a pobreza e a marginalização é OBJETIVO fundamental (art. 3º, III), não fundamento. Fundamentos (art. 1º): soberania, cidadania, dignidade da pessoa humana, valores sociais do trabalho e da livre iniciativa, pluralismo político. — CF/88, arts. 1º e 3º
[Constitucional · Federalismo e organização do Estado] Competência municipal em saúde;Art. 30, VII: compete aos Municípios prestar, com a cooperação técnica e financeira da União e do Estado, serviços de atendimento à saúde da população. Art. 23, II: competência comum para cuidar da saúde. Art. 24, XII: competência concorrente (União, Estados e DF) sobre previdência social e proteção e defesa da saúde. — CF/88, arts. 22, XXIII, 23, II, 24, XII, 30, II e VII
[Constitucional · Processo legislativo] Emenda constitucional;Art. 60, § 2º: a proposta será discutida e votada em cada Casa do Congresso Nacional, em dois turnos, considerando-se aprovada se obtiver, em ambos, três quintos dos votos dos respectivos membros. § 3º: promulgada pelas Mesas. § 1º: limites circunstanciais. — CF/88, art. 60, §§ 1º a 3º
[Constitucional · Poder constituinte] Cláusulas pétreas;Art. 60, § 4º: não será objeto de deliberação a proposta de emenda tendente a abolir: I – a forma federativa de Estado, II – o voto direto, secreto, universal e periódico, III – a separação dos Poderes, IV – os direitos e garantias individuais. — CF/88, art. 60, § 4º
[Constitucional · Controle de constitucionalidade] Legitimados da ADI;Art. 103: Presidente da República, Mesas do Senado, da Câmara, de Assembleia Legislativa ou da Câmara Legislativa do DF, Governador, PGR, Conselho Federal da OAB, partido político com representação no Congresso, confederação sindical ou entidade de classe de âmbito nacional. — CF/88, art. 103
[Constitucional · Aplicabilidade e interpretação das normas] Eficácia das normas;Eficácia plena: aplicabilidade direta, imediata e integral. Contida: aplicabilidade direta e imediata, mas possivelmente não integral, restringível por lei (ex.: art. 5º, XIII). Limitada: aplicabilidade mediata, depende de lei. — Doutrina – José Afonso da Silva
[Constitucional · Segurança pública na Constituição] Guardas municipais;Art. 144, § 8º: os Municípios poderão constituir guardas municipais destinadas à proteção de seus bens, serviços e instalações, conforme dispuser a lei. — CF/88, art. 144, § 8º
[Constitucional · Sistema tributário nacional] Espécies tributárias;Art. 145: União, Estados, DF e Municípios poderão instituir: I – impostos, II – taxas, em razão do exercício do poder de polícia ou pela utilização, efetiva ou potencial, de serviços públicos específicos e divisíveis, III – contribuição de melhoria, decorrente de obras públicas. § 2º: taxas não poderão ter base de cálculo própria de impostos. — CF/88, art. 145
[Constitucional · Organização dos Poderes] Medidas provisórias;Art. 62, § 1º, I, 'b': é vedada a edição de MP sobre direito penal, processual penal e processual civil. III: matéria reservada a lei complementar. § 3º: perdem eficácia se não convertidas em 60 dias, prorrogável uma vez por igual período. — CF/88, art. 62, §§ 1º a 3º
[Informática · Utilização de planilhas eletrônicas] Referência absoluta;O $ antes da coluna e da linha ($B$1) torna a referência absoluta: ao copiar a fórmula, A2 se ajusta (A3, A4…) e $B$1 permanece fixo. — Microsoft Excel – referências relativas e absolutas
[Informática · Utilização de planilhas eletrônicas] Função SE;Sintaxe em PT-BR: =SE(teste_lógico,valor_se_verdadeiro,valor_se_falso). Textos entre aspas, >= inclui o valor limite. — Microsoft Excel – função SE
[Informática · Utilização de planilhas eletrônicas] CONT.SE e MÉDIA;CONT.SE(intervalo,critério) conta as células que atendem ao critério. CONT.VALORES conta não vazias, CONT.NÚM conta números. — Microsoft Excel – funções de contagem
[Informática · Aplicativos de escritório] Atalhos do Word em PT-BR;Word PT-BR: Ctrl+N negrito, Ctrl+I itálico, Ctrl+S sublinhado, Ctrl+B salvar, Ctrl+O novo, Ctrl+A abrir, Ctrl+P imprimir, Ctrl+T selecionar tudo, Ctrl+E centralizar, Ctrl+J justificar. — Microsoft Word – atalhos (versão em português)
[Informática · Conceitos de sistemas operacionais] Atalhos do Windows;Windows+L bloqueia, Windows+E abre o Explorador, Windows+D mostra a área de trabalho, Windows+I abre Configurações, Ctrl+Shift+Esc abre o Gerenciador de Tarefas. — Microsoft Windows – atalhos de teclado
[Informática · Conceitos sobre armazenamento e gerenciamento de arquivos] Exclusão permanente;Delete envia à Lixeira (em discos locais), Shift+Delete exclui permanentemente, sem passar pela Lixeira. — Microsoft Windows – gerenciamento de arquivos
[Informática · Conceitos de segurança da informação e proteção de dados] Malwares;Ransomware: sequestra dados (criptografa) e exige resgate. Worm: se propaga sozinho. Trojan: disfarça-se de programa legítimo. Keylogger: captura teclas. Backdoor: acesso remoto oculto. — Cartilha de Segurança para Internet (CERT.br)
[Informática · Conceitos de segurança da informação e proteção de dados] Phishing;Phishing: tentativa de obter dados pessoais/financeiros por mensagens que se passam por instituições conhecidas, frequentemente com senso de urgência. — Cartilha de Segurança para Internet (CERT.br)
[Informática · Ferramentas de backup e recuperação de dados] Backup incremental × diferencial;Completo: copia tudo. Incremental: alterados desde o último backup (completo ou incremental) — backup rápido, restauração mais trabalhosa. Diferencial: alterados desde o último completo — restauração exige o completo + o último diferencial. — Segurança da informação – políticas de backup
[Informática · Conceitos sobre protocolos de comunicação na internet] Protocolos de e-mail;SMTP: envio. POP3: recebimento, geralmente baixando as mensagens para o dispositivo. IMAP: acesso às mensagens no servidor, sincronizando entre dispositivos. — Redes de computadores – protocolos de aplicação
[Informática · E-mail e comunicação eletrônica no ambiente corporativo] Cópia oculta (CCO);CCO (Cco/Bcc): os destinatários não aparecem para os demais. CC: cópia visível. — Correio eletrônico – campos de endereçamento
[Informática · Noções de computação em nuvem] Modelos de serviço;IaaS: infraestrutura (máquinas virtuais, armazenamento). PaaS: plataforma de desenvolvimento/execução. SaaS: software pronto acessado pela internet (ex.: webmail, suítes online). — Computação em nuvem – NIST SP 800-145
[Informática · Conceitos de segurança da informação e proteção de dados] LGPD – dado sensível;Art. 5º, II, da LGPD: dado pessoal sensível inclui dado referente à saúde. Art. 11: hipóteses de tratamento de dados sensíveis, com e sem consentimento. — Lei 13.709/2018 (LGPD), arts. 5º, II, e 11
[Perícia · Perícia médica previdenciária] DID, DII e carência;Auxílio por incapacidade temporária exige, em regra, carência de 12 contribuições (art. 25, I). A preexistência só não é óbice quando a incapacidade decorre de progressão ou agravamento (art. 59, § 1º), mas isso não supre a carência. Lombalgia/hérnia não está no rol de isenção. — Lei 8.213/1991, arts. 25, I, 26, II, 59, § 1º, 151
[Perícia · Perícia médica previdenciária] Isenção de carência;Art. 26, II: independe de carência o auxílio por incapacidade temporária e a aposentadoria por incapacidade permanente ao segurado que, após filiar-se ao RGPS, for acometido de alguma das doenças do art. 151 (entre elas, neoplasia maligna). — Lei 8.213/1991, arts. 26, II, e 151
[Perícia · Perícia médica previdenciária] Auxílio-acidente – segurados;O auxílio-acidente é devido, como indenização, após consolidação das lesões decorrentes de acidente de qualquer natureza que resultem em sequela redutora da capacidade (art. 86), independe de carência (art. 26, I) e só é concedido a empregado, empregado doméstico, trabalhador avulso e segurado especial (art. 18, § 1º). — Lei 8.213/1991, arts. 18, § 1º, 26, I, 86
[Perícia · Perícia médica previdenciária] Auxílio-acidente – natureza;Art. 86: auxílio-acidente concedido como indenização quando, após consolidação das lesões decorrentes de acidente de qualquer natureza, resultarem sequelas que impliquem redução da capacidade para o trabalho habitual. § 1º: 50% do salário de benefício. — Lei 8.213/1991, art. 86
[Perícia · Avaliação de invalidez e incapacidade permanente] Acréscimo de 25%;Art. 45: o valor da aposentadoria por incapacidade permanente do segurado que necessitar da assistência permanente de outra pessoa será acrescido de 25%. Parágrafo único: devido ainda que o valor atinja o limite máximo legal, recalculado com o benefício, cessa com a morte, não se incorporando à pensão. — Lei 8.213/1991, art. 45, Decreto 3.048/1999, Anexo I
[Perícia · Perícia médica previdenciária] Art. 101 – tratamento facultativo;Art. 101: o segurado em gozo de benefício por incapacidade está obrigado a submeter-se a exame médico, a processo de reabilitação profissional e a tratamento gratuito, exceto o cirúrgico e a transfusão de sangue, que são facultativos. — Lei 8.213/1991, art. 101
[Perícia · Incapacidade temporária / permanente] DCB e prazo estimado;Art. 60, § 8º: sempre que possível, o ato de concessão ou reativação judicial ou administrativa deverá fixar o prazo estimado para a duração do benefício. § 9º: na ausência de fixação, o benefício cessará após 120 dias, exceto se o segurado requerer a prorrogação. — Lei 8.213/1991, art. 60, §§ 8º e 9º
[Perícia · Avaliação da capacidade laborativa] Incapacidade uniprofissional;A incapacidade é avaliada em relação à atividade habitual (art. 59). Com prognóstico definido de recuperação, a incapacidade é temporária, a reabilitação (art. 62) é indicada quando o segurado é insuscetível de recuperação para a atividade habitual. — Lei 8.213/1991, arts. 59, 62 e 86
[Perícia · Perícia médica previdenciária] Reabilitação profissional;Art. 62: o segurado em gozo de auxílio por incapacidade temporária, insuscetível de recuperação para sua atividade habitual, deverá submeter-se a processo de reabilitação profissional para outra atividade. A aposentadoria (art. 42) pressupõe impossibilidade de reabilitação para atividade que garanta a subsistência. — Lei 8.213/1991, arts. 42 e 62
[Perícia · Doenças ocupacionais e relacionadas ao trabalho] Art. 20, § 1º – exclusões;Art. 20, § 1º: não são consideradas doença do trabalho a degenerativa, a inerente a grupo etário, a que não produza incapacidade laborativa e a endêmica (salvo exposição pela natureza do trabalho). O art. 21, I, equipara a acidente o agravo para o qual o trabalho contribuiu diretamente, ainda que não seja causa única (concausa). — Lei 8.213/1991, arts. 20, § 1º, e 21, I
[Perícia · Doenças ocupacionais e relacionadas ao trabalho] Doença endêmica;Art. 20, § 1º, 'd': não é considerada doença do trabalho a doença endêmica adquirida por segurado habitante de região em que ela se desenvolva, salvo comprovação de que resultou de exposição ou contato direto determinado pela natureza do trabalho. — Lei 8.213/1991, art. 20, § 1º, 'd'
[Perícia · Nexo técnico epidemiológico] NTEP – presunção e contestação;Art. 21-A: a perícia médica do INSS considerará caracterizada a natureza acidentária quando constatar nexo técnico epidemiológico entre o trabalho e o agravo, decorrente da relação entre a atividade da empresa e a entidade mórbida (CID). § 1º: deixa de aplicar quando demonstrada a inexistência. § 2º: a empresa pode requerer a não aplicação, com efeito suspensivo, cabendo recurso ao CRPS. — Lei 8.213/1991, art. 21-A, Decreto 3.048/1999, art. 337 e Anexo II, Lista C
[Perícia · Doenças ocupacionais e relacionadas ao trabalho] CAT – prazos e legitimados;Art. 22: a empresa comunicará o acidente à Previdência até o 1º dia útil seguinte ao da ocorrência e, em caso de morte, de imediato. § 2º: na falta, podem formalizá-la o acidentado, seus dependentes, a entidade sindical, o médico que o assistiu ou qualquer autoridade pública, não prevalecendo o prazo. — Lei 8.213/1991, art. 22
[Perícia · Avaliação de dano corporal e nexo causal] Critérios de nexo causal;Critérios clássicos (Simonin / Muller-Cordonnier): natureza adequada do traumatismo e da lesão, adequação entre sede do trauma e da lesão, encadeamento anatomoclínico, adequação temporal, exclusão de causa estranha e consideração do estado anterior. — Medicina Legal – avaliação do dano corporal (critérios de nexo de causalidade)
[Perícia · Avaliação de dano corporal e nexo causal] Concausas;Concausa é fator que, somado à causa principal, concorre para o resultado, classifica-se em preexistente, concomitante ou superveniente. Na Lei 8.213 (art. 21, I), o trabalho que contribuiu diretamente, sem ser causa única, caracteriza acidente. — Medicina Legal, Lei 8.213/1991, art. 21, I
[Perícia · Perícia médica previdenciária] BPC – deficiência × incapacidade;Art. 20, § 2º: pessoa com deficiência é aquela com impedimento de longo prazo de natureza física, mental, intelectual ou sensorial que, em interação com uma ou mais barreiras, pode obstruir sua participação plena e efetiva na sociedade. § 10: longo prazo = mínimo de 2 anos. § 6º: avaliação médica e social. — Lei 8.742/1993, art. 20, §§ 2º, 6º e 10
[Perícia · Perícia médica previdenciária] BPC – requisitos;Art. 20: o BPC é a garantia de um salário mínimo mensal à pessoa com deficiência e ao idoso com 65 anos ou mais que comprovem não possuir meios de prover a própria manutenção nem de tê-la provida por sua família. — Lei 8.742/1993, art. 20
[Perícia · Bioética aplicada à perícia médica] CEM – perito do próprio paciente;Art. 93: é vedado ao médico ser perito ou auditor do próprio paciente, de pessoa de sua família ou de qualquer outra com a qual tenha relações capazes de influir em seu trabalho ou de empresa em que atue ou tenha atuado. — Res. CFM 2.217/2018 (CEM), art. 93
[Perícia · Bioética aplicada à perícia médica] CEM – laudo sem exame pessoal;Art. 92: é vedado ao médico assinar laudos periciais, auditoriais ou de verificação médico-legal caso não tenha realizado pessoalmente o exame. — Res. CFM 2.217/2018 (CEM), art. 92
[Perícia · Bioética aplicada à perícia médica] CEM – modificar tratamento;Art. 97: é vedado ao médico autorizar, vetar, bem como modificar, quando na função de auditor ou de perito, procedimentos propedêuticos ou terapêuticos instituídos, salvo, no último caso, em situações de urgência, emergência ou iminente perigo de morte do paciente, comunicando, por escrito, o fato ao médico assistente. — Res. CFM 2.217/2018 (CEM), art. 97
[Perícia · Bioética aplicada à perícia médica] CEM – conduta durante o exame;Art. 94: é vedado ao médico intervir, quando em função de auditor, assistente técnico ou perito, nos atos profissionais de outro médico, ou fazer qualquer apreciação em presença do examinado, reservando suas observações para o relatório. — Res. CFM 2.217/2018 (CEM), arts. 92, 94, 96 e 98
[Perícia · Bioética aplicada à perícia médica] CPC – assistente técnico;Art. 466, § 1º: os assistentes técnicos são de confiança da parte e não estão sujeitos a impedimento ou suspeição. § 2º: o perito deve assegurar aos assistentes o acesso e o acompanhamento das diligências, com prévia comunicação, comprovada nos autos, com antecedência mínima de 5 dias. — CPC, art. 466, §§ 1º e 2º
[Perícia · Bioética aplicada à perícia médica] CPC – limites do laudo;Art. 473, § 2º: é vedado ao perito ultrapassar os limites de sua designação, bem como emitir opiniões pessoais que excedam o exame técnico ou científico do objeto da perícia. Inciso IV: resposta conclusiva a todos os quesitos apresentados pelo juiz, pelas partes e pelo MP. — CPC, art. 473, IV e § 2º
[Perícia · Bioética aplicada à perícia médica] CPC – valoração do laudo;Art. 479: o juiz apreciará a prova pericial de acordo com o art. 371, indicando na sentença os motivos que o levaram a considerar ou a deixar de considerar as conclusões do laudo. Art. 480: nova perícia quando a matéria não estiver suficientemente esclarecida. — CPC, arts. 371, 479 e 480
[Perícia · Bioética aplicada à perícia médica] CPC – escusa do perito;Art. 157, § 1º: a escusa será apresentada no prazo de 15 dias, contado da intimação, da suspeição ou do impedimento supervenientes, sob pena de renúncia ao direito a alegá-la. Art. 148, II, e art. 145, I: amizade íntima é causa de suspeição aplicável ao perito. — CPC, arts. 145, 148, II, e 157, § 1º
[Perícia · Exame clínico direcionado à perícia médica] Sinais de Waddell;Os sinais de Waddell (sensibilidade, simulação, distração, distúrbios regionais e reação exagerada) indicam componente não orgânico quando positivos em três ou mais das cinco categorias, não diferenciam simulação de fatores psicossociais. — Waddell et al., Spine 1980 – semiologia pericial
[Perícia · Exame clínico direcionado à perícia médica] Sinal de Hoover;No teste de Hoover, a flexão do quadril contralateral contra resistência provoca extensão involuntária do quadril 'parético'. Força presente nessa manobra, ausente no teste direto, sugere fraqueza funcional. — Semiologia neurológica aplicada à perícia
[Perícia · Avaliação pericial em doenças psiquiátricas] Diagnóstico × incapacidade;Na perícia, a incapacidade é inferida da repercussão funcional (sintomas, exame psíquico, gravidade, adesão e tempo de tratamento) frente às exigências da atividade, o diagnóstico isolado não define incapacidade nem sua duração. — Diretrizes de perícia médica (INSS) – transtornos mentais
[Perícia · Classificação Internacional de Doenças (CID-10/CID-11)] Burnout na CID-11;Na CID-11 (vigente na OMS desde 01/01/2022), 'burn-out' (QD85) integra o capítulo 'Fatores que influenciam o estado de saúde ou o contato com serviços de saúde', definido como fenômeno ocupacional resultante de estresse crônico no trabalho não gerenciado com sucesso. — OMS – CID-11, QD85
[Perícia · Avaliação pericial em doenças osteomusculares] Túnel do carpo;Parestesias no território do mediano, Phalen e Tinel no punho e hipotrofia tenar sugerem STC, a eletroneuromiografia confirma e gradua o comprometimento. — Semiologia ortopédica/neurológica, DORT
[Perícia · Doenças ocupacionais e relacionadas ao trabalho] PAIR;PAIR: perda neurossensorial, quase sempre bilateral e simétrica, irreversível, com entalhe em 3, 4 ou 6 kHz e recuperação em 8 kHz, não progride após cessada a exposição, raramente ultrapassa 40 dB nas frequências baixas e 75 dB nas altas. — Ministério da Saúde – Perda Auditiva Induzida por Ruído (Protocolo), NR-7
[Perícia · Avaliação pericial em doenças respiratórias] Espirometria;CVF reduzida com VEF1/CVF normal ou elevada sugere distúrbio ventilatório restritivo, que deve ser confirmado pela redução da capacidade pulmonar total (pletismografia ou diluição de gases). Contexto compatível com silicose. — Diretrizes SBPT para testes de função pulmonar
[Perícia · Avaliação pericial em doenças cardiovasculares] Cardiopatia grave;Cardiopatia grave é conceito médico-pericial baseado em limitação funcional (ex.: NYHA III–IV), disfunção ventricular (ex.: FE reduzida), isquemia, arritmias graves e prognóstico — não no rótulo diagnóstico. — Lei 8.213/1991, art. 151, consenso de cardiopatia grave (SBC) – critérios funcionais
[Perícia · Avaliação pericial em doenças infecciosas] HIV – estigma (Súmula 78 TNU);Súmula 78 da TNU: comprovado que o requerente é portador do HIV, cabe ao julgador verificar as condições pessoais, sociais, econômicas e culturais, de forma a analisar a incapacidade em sentido amplo, em face da elevada estigmatização social da doença. — TNU, Súmula 78
[Perícia · Medicina baseada em evidências] Valor preditivo positivo;Em 1.000 pessoas: 100 doentes → 90 VP, 900 sadios → 180 FP (20%). VPP = 90 ÷ (90 + 180) ≈ 33%. O VPP cai quando a prevalência cai. — Epidemiologia clínica – testes diagnósticos
[Perícia · Epidemiologia clínica aplicada à perícia] Medidas de associação;Caso-controle seleciona por desfecho, estima-se a OR. Em doenças raras a OR aproxima-se do RR. Coortes permitem incidência e RR. — Epidemiologia clínica – desenhos de estudo
[Perícia · Medicina baseada em evidências] Hierarquia de evidências;Para terapêutica, o maior nível de evidência é a revisão sistemática (com ou sem metanálise) de ECR homogêneos e de boa qualidade. — Oxford CEBM – níveis de evidência
[Perícia · Avaliação pericial em doenças dermatológicas] Dermatose ocupacional;Na dermatite de contato alérgica ocupacional, o teste de contato identifica o alérgeno, a melhora com o afastamento e a piora no retorno reforçam o nexo. — Dermatoses ocupacionais – Ministério da Saúde
[Perícia · Avaliação pericial em doenças neurológicas] Prognóstico funcional pós-AVC;Após AVC, a recuperação é mais acentuada nos primeiros 3 a 6 meses, em fase de reabilitação ativa, a conclusão adequada costuma ser incapacidade temporária com reavaliação, considerando a função exercida. — Neurologia – prognóstico funcional pós-AVC
[Perícia · Avaliação pericial em doenças endócrinas e metabólicas] Diabetes e atividade de risco;Na perícia, o que define incapacidade é o risco e a repercussão funcional (hipoglicemias graves recorrentes) frente às exigências da atividade, sobretudo atividades de risco a si e a terceiros. — Perícia médica – endocrinopatias e atividades de risco
[Perícia · Classificação Internacional de Doenças (CID-10/CID-11)] Estrutura da CID-10;CID-10: cap. V – F (transtornos mentais), VI – G (sistema nervoso), IX – I (circulatório), X – J (respiratório), XIII – M (osteomuscular), XIX – S/T (lesões). — OMS – CID-10
[Perícia · Doenças ocupacionais e relacionadas ao trabalho] NR 7 – exame demissional;NR 7: o exame demissional deve ser feito em até 10 dias do término do contrato e pode ser dispensado se o exame clínico ocupacional mais recente tiver menos de 135 dias (graus de risco 1 e 2) ou menos de 90 dias (graus 3 e 4). Questão inspirada na FGV/Macaé 2024 (gabarito: dispensa só para Dionísio). — NR 7 (exame clínico demissional)
[Perícia · Doenças ocupacionais e relacionadas ao trabalho] NR 7 – exame de retorno;NR 7: o exame de retorno deve ser realizado antes que o empregado reassuma as funções quando ausente por 30 dias ou mais por doença ou acidente, de natureza ocupacional ou não. Na avaliação, o médico define a necessidade de retorno gradativo (gabarito Cebraspe/MPS 2025, item 80: Certo). — NR 7 (exame de retorno ao trabalho)
[Perícia · Doenças ocupacionais e relacionadas ao trabalho] NR 7 – audiometria;NR 7, Anexo II: a audiometria deve ser feita, no mínimo, na admissão, anualmente e na demissão (gabarito FGV/Macaé 2024, questão 55). — NR 7, Anexo II (Controle médico ocupacional da exposição a níveis de pressão sonora elevados)
[Perícia · Doenças ocupacionais e relacionadas ao trabalho] NR 7 – ASO e sigilo;O ASO informa aptidão ou inaptidão, riscos, exames e médico responsável. O diagnóstico é protegido pelo sigilo médico e não vai ao empregador (CEM, art. 76). — NR 7 (conteúdo do ASO), CEM, art. 76
[Perícia · Doenças ocupacionais e relacionadas ao trabalho] NR 15 – graus e adicional;NR 15: radiações ionizantes (Anexo 5) geram insalubridade de grau máximo (adicional de 40% sobre o salário mínimo), calor (Anexo 3), grau médio (20%). Gabaritos UFG/Goiânia 2022, questões 36 e 37. — NR 15, Anexos 3 e 5, item 15.2
[Perícia · Doenças ocupacionais e relacionadas ao trabalho] NR 15 – critério quantitativo × qualitativo;Quantitativos: ruído, calor, radiações ionizantes, vibração, poeiras minerais e os agentes químicos do Anexo 11. Qualitativos: radiações não ionizantes, frio, umidade, agentes químicos do Anexo 13 e biológicos (Anexo 14). Gabaritos UFG/Goiânia 2022, questões 38 e 39. — NR 15, Anexos 1 a 14
[Perícia · Doenças ocupacionais e relacionadas ao trabalho] NR 15 – ruído;NR 15, Anexo 1: 85 dB(A) → 8 h, cada aumento de 5 dB reduz pela metade o tempo (90 → 4 h, 95 → 2 h, 100 → 1 h). Não é permitida exposição acima de 115 dB(A) sem proteção adequada. Gabarito UFG/Goiânia 2022, questão 49. — NR 15, Anexo 1
[Perícia · Doenças ocupacionais e relacionadas ao trabalho] Insalubridade – vários agentes;NR 15, item 15.3: havendo mais de um fator de insalubridade, considera-se apenas o de grau mais elevado para o adicional, vedada a percepção cumulativa. O adicional cessa com a eliminação ou neutralização do risco (item 15.4). — NR 15, itens 15.2 a 15.4
[Perícia · Doenças ocupacionais e relacionadas ao trabalho] NR 1 – PGR;NR 1: o PGR deve conter, no mínimo, inventário de riscos e plano de ação. O PCMSO (NR 7) deve estar articulado com os riscos do PGR. — NR 1, item 1.5.7.1
[Perícia · Doenças ocupacionais e relacionadas ao trabalho] NR 32 – serviços de saúde;A NR 32 veda o reencape e a desconexão manual de agulhas em qualquer situação, luva não autoriza o reencape. — NR 32 (agentes biológicos: vedações, perfurocortantes e vacinação)
[Perícia · Doenças ocupacionais e relacionadas ao trabalho] NR 17 – telemarketing;NR 17, anexo de teleatendimento: máximo de 6 horas diárias de efetiva atividade, incluídas as pausas, duas pausas de 10 minutos contínuos e intervalo de 20 minutos para repouso e alimentação. Gabarito UFG/Goiânia 2022, questão 48. — NR 17, Anexo II
[Perícia · Avaliação de dano corporal e nexo causal] Classificação de Schilling;Schilling: I – trabalho como causa necessária (doenças profissionais clássicas: silicose, saturnismo), II – fator contributivo, não necessário (coronariopatia, varizes, cânceres), III – provocador de distúrbio latente ou agravador de doença estabelecida (asma, dermatite de contato alérgica, transtornos mentais). — Ministério da Saúde, Doenças relacionadas ao trabalho: manual de procedimentos (2001)
[Perícia · Avaliação pericial em doenças respiratórias] Pneumoconioses;Pneumoconiose = doença pulmonar por deposição de poeira com reação tecidual. A radiografia de tórax padronizada pela OIT é a referência para rastreio e vigilância, a espirometria avalia o prejuízo funcional. A Cebraspe (MPS 2025, item 68) considerou ERRADO chamar a asma ocupacional de pneumoconiose. — Classificação Internacional de Radiografias de Pneumoconioses (OIT), NR 7, Anexo III
[Perícia · Avaliação pericial em doenças psiquiátricas] TEPT – latência;CID-10 F43.1: o TEPT surge como resposta tardia ou protraída a evento traumático, com latência que pode ir de semanas a meses (raramente mais de 6 meses). Cursa com revivescências, evitação, embotamento e hiperexcitação. — CID-10 F43.1 (OMS)
[Perícia · Perícia médica previdenciária] Qualidade de segurado – período de graça;Art. 15: até 12 meses após cessarem as contribuições (II), prorrogáveis para 24 meses se já pagou mais de 120 contribuições sem perder a qualidade (§ 1º) e acrescidos de 12 meses para o desempregado que comprovar a situação (§ 2º). O facultativo tem 6 meses (VI). — Lei 8.213/1991, art. 15
[Perícia · Perícia médica previdenciária] Qualidade de segurado – sem limite de prazo;O BPC/LOAS é benefício assistencial, não previdenciário: não mantém a qualidade de segurado. Sem limite de prazo, só quem está em gozo de benefício previdenciário, exceto o auxílio-acidente (art. 15, I). Cebraspe (MPS 2025, item 93) julgou ERRADO incluir o BPC. — Lei 8.213/1991, art. 15, Lei 8.742/1993, art. 20
[Perícia · Perícia médica previdenciária] Reaquisição de carência;Art. 27-A: perdida a qualidade de segurado, para auxílio por incapacidade temporária, aposentadoria por incapacidade permanente, salário-maternidade e auxílio-reclusão o segurado deve contar, a partir da nova filiação, com metade da carência. Para o auxílio (carência de 12), são 6. Gabarito Cebraspe MPS 2025, item 95: Certo. — Lei 8.213/1991, arts. 25, I, e 27-A
[Perícia · Perícia médica previdenciária] Estabilidade acidentária;Art. 118: o segurado que sofreu acidente do trabalho tem garantida, pelo prazo mínimo de 12 meses, a manutenção do contrato após a cessação do auxílio-doença acidentário, independentemente de percepção de auxílio-acidente. — Lei 8.213/1991, art. 118
[Perícia · Perícia médica previdenciária] Auxílio-acidente – perda auditiva;Art. 86, § 4º: a perda da audição, em qualquer grau, só gera auxílio-acidente quando, além do nexo com o trabalho, resultar comprovadamente em redução ou perda da capacidade para o trabalho habitual. Gabarito Cebraspe MPS 2025, item 100: Certo. — Lei 8.213/1991, art. 86, § 4º
[Perícia · Perícia médica previdenciária] BPC – revisão e acumulação;LOAS, art. 21: o BPC deve ser revisto a cada 2 anos. Art. 20, § 4º: não pode ser acumulado com outro benefício da seguridade social, salvo assistência médica e pensão especial indenizatória. Deficiência = impedimento de longo prazo, mínimo de 2 anos (art. 20, §§ 2º e 10). — Lei 8.742/1993, arts. 20 e 21
[Perícia · Avaliação de invalidez e incapacidade permanente] Isenção de IR – doença grave;Lei 7.713/1988, art. 6º, XIV: isentos os proventos de aposentadoria ou reforma (e pensão) recebidos por portadores das doenças listadas (moléstia profissional, tuberculose ativa, alienação mental, esclerose múltipla, neoplasia maligna, cegueira, hanseníase, paralisia irreversível e incapacitante, cardiopatia grave, Parkinson, espondiloartrose anquilosante, nefropatia grave, hepatopatia grave, Paget avançado, contaminação por radiação, AIDS, fibrose cística). O rol é taxativo. — Lei 7.713/1988, art. 6º, XIV
[Perícia · Bioética aplicada à perícia médica] CEM – sigilo em exame ocupacional;CEM, art. 76: é vedado revelar informações confidenciais obtidas em exames médicos de trabalhadores, inclusive por exigência dos dirigentes de empresas, salvo se o silêncio puser em risco a saúde dos empregados ou da comunidade. Art. 73: sigilo, salvo motivo justo, dever legal ou consentimento por escrito do paciente. — Resolução CFM 2.217/2018 (CEM), arts. 73 e 76
[Perícia · Bioética aplicada à perícia médica] CEM – remuneração do perito;CEM, art. 96: é vedado receber remuneração ou gratificação por valores vinculados à glosa ou ao sucesso da causa quando na função de perito ou auditor. — Resolução CFM 2.217/2018 (CEM), arts. 92, 93, 96, 97 e 98
[Perícia · Bioética aplicada à perícia médica] CPC – conteúdo do laudo;CPC, art. 473: exposição do objeto, análise técnica, método e respostas conclusivas aos quesitos. O § 2º veda ao perito ultrapassar os limites de sua designação e emitir opiniões pessoais que excedam o exame técnico. — CPC (Lei 13.105/2015), art. 473
[Perícia · Avaliação da capacidade laborativa] Diagnóstico × incapacidade × trabalho habitual;Incapacidade é conclusão funcional: correlaciona história, exame, classe funcional (NYHA) e exigências da atividade habitual. O atestado do assistente não vincula. O perito não prescreve nem altera tratamento. Caso inspirado no Cebraspe MPS 2025 (itens 52–53). — Manual Técnico de Perícia Médica Previdenciária (INSS), CEM, art. 97
[SUS · CF/88 arts. 196 a 200] Art. 196 – saúde como direito;Literalidade do art. 196: direito de todos e dever do Estado, garantido mediante políticas sociais e econômicas que visem à redução do risco de doença e de outros agravos e ao acesso universal e igualitário às ações e serviços para sua promoção, proteção e recuperação. — CF/88, art. 196
[SUS · CF/88 arts. 196 a 200] Art. 197 – relevância pública;O art. 197 declara as ações e serviços de saúde de relevância pública e admite execução direta ou por terceiros, mantendo com o Poder Público a regulamentação, a fiscalização e o controle. — CF/88, art. 197
[SUS · CF/88 arts. 196 a 200] Art. 198 – diretrizes;Diretrizes do art. 198: I – descentralização, com direção única em cada esfera de governo, II – atendimento integral, com prioridade para as atividades preventivas, sem prejuízo dos serviços assistenciais, III – participação da comunidade. — CF/88, art. 198, I a III
[SUS · Financiamento] Mínimo constitucional municipal;Pela LC 141/2012 (art. 7º), os Municípios aplicam anualmente, no mínimo, 15% da arrecadação dos impostos do art. 156 e dos recursos dos arts. 158 e 159, I, 'b' e § 3º, da CF. Estados: 12%. — CF/88, art. 198, §§ 2º e 3º, LC 141/2012, arts. 6º e 7º
[SUS · CF/88 arts. 196 a 200] Art. 199 – participação privada;Art. 199: assistência livre à iniciativa privada, participação complementar mediante contrato de direito público ou convênio, com preferência para filantrópicas e sem fins lucrativos (§ 1º), vedada subvenção a instituições com fins lucrativos (§ 2º). — CF/88, art. 199, §§ 1º a 3º
[SUS · CF/88 arts. 196 a 200] Art. 200 – competências do SUS;Quanto ao saneamento, o SUS 'participa da formulação da política e da execução das ações' (art. 200, IV) — não tem exclusividade. — CF/88, art. 200, II, III, IV, VI e VIII
[SUS · Lei nº 8.080/1990] Arts. 2º e 3º – determinantes e condicionantes;Art. 3º: os níveis de saúde expressam a organização social e econômica do País, tendo como determinantes e condicionantes, entre outros, alimentação, moradia, saneamento básico, meio ambiente, trabalho, renda, educação, atividade física, transporte, lazer e acesso aos bens e serviços essenciais. — Lei 8.080/1990, arts. 2º, § 2º, e 3º
[SUS · Lei nº 8.080/1990] Art. 4º – composição do SUS;Art. 4º: o SUS é o conjunto de ações e serviços de saúde prestados por órgãos e instituições públicas federais, estaduais e municipais, da administração direta e indireta e das fundações mantidas pelo Poder Público. § 2º: a iniciativa privada poderá participar em caráter complementar. — Lei 8.080/1990, art. 4º, caput e § 2º
[SUS · Lei nº 8.080/1990] Art. 6º – vigilância sanitária;§ 1º do art. 6º: vigilância sanitária é o conjunto de ações capaz de eliminar, diminuir ou prevenir riscos à saúde e de intervir nos problemas sanitários decorrentes do meio ambiente, da produção e circulação de bens e da prestação de serviços de interesse da saúde. — Lei 8.080/1990, art. 6º, § 1º
[SUS · Lei nº 8.080/1990] Art. 6º – vigilância epidemiológica;§ 2º do art. 6º: vigilância epidemiológica é o conjunto de ações que proporcionam o conhecimento, a detecção ou prevenção de qualquer mudança nos fatores determinantes e condicionantes de saúde individual ou coletiva, com a finalidade de recomendar e adotar as medidas de prevenção e controle das doenças ou agravos. — Lei 8.080/1990, art. 6º, § 2º, art. 18, IV
[SUS · Lei nº 8.080/1990] Art. 7º – integralidade;Art. 7º, II: integralidade de assistência, entendida como conjunto articulado e contínuo das ações e serviços preventivos e curativos, individuais e coletivos, exigidos para cada caso em todos os níveis de complexidade do sistema. — Lei 8.080/1990, art. 7º, II
[SUS · Lei nº 8.080/1990] Art. 7º – descentralização;Art. 7º, IX: descentralização político-administrativa, com direção única em cada esfera de governo: a) ênfase na descentralização dos serviços para os municípios, b) regionalização e hierarquização da rede de serviços de saúde. — Lei 8.080/1990, art. 7º, IX
[SUS · Lei nº 8.080/1990] Art. 7º – epidemiologia para prioridades;Art. 7º, VII: utilização da epidemiologia para o estabelecimento de prioridades, a alocação de recursos e a orientação programática. — Lei 8.080/1990, art. 7º, VII
[SUS · Gestão municipal do SUS] Art. 9º – direção única;Art. 9º: a direção do SUS é exercida, no âmbito da União, pelo Ministério da Saúde, nos Estados e DF, pela Secretaria de Saúde ou órgão equivalente, nos Municípios, pela Secretaria de Saúde ou órgão equivalente. — Lei 8.080/1990, art. 9º, III
[SUS · Gestão municipal do SUS] Art. 18 – competências municipais;Art. 18, IV: compete à direção municipal executar serviços de vigilância epidemiológica, vigilância sanitária, alimentação e nutrição, saneamento básico e saúde do trabalhador. — Lei 8.080/1990, arts. 16, 17 e 18, IV
[SUS · Gestão municipal do SUS] Art. 18 – contratos com prestadores;Art. 18, X: celebrar contratos e convênios com entidades prestadoras de serviços privados de saúde, bem como controlar e avaliar sua execução, XI: controlar e fiscalizar os procedimentos dos serviços privados de saúde. — Lei 8.080/1990, art. 18, X e XI
[SUS · Gestão municipal do SUS] Art. 17 – direção estadual;Art. 17, III: prestar apoio técnico e financeiro aos Municípios e executar supletivamente ações e serviços de saúde. O inciso I prevê promover a descentralização para os Municípios. — Lei 8.080/1990, art. 17, I e III
[SUS · Gestão municipal do SUS] Art. 14-A – CIT e CIB;Art. 14-A: as Comissões Intergestores Bipartite e Tripartite são reconhecidas como foros de negociação e pactuação entre gestores, quanto aos aspectos operacionais do SUS. — Lei 8.080/1990, art. 14-A
[SUS · Lei nº 8.080/1990] Arts. 24 a 26 – participação complementar;Art. 24: quando as disponibilidades forem insuficientes, o SUS poderá recorrer aos serviços da iniciativa privada. Art. 25: preferência às filantrópicas e sem fins lucrativos. Art. 26: critérios e valores de remuneração estabelecidos pela direção nacional e aprovados no CNS. — Lei 8.080/1990, arts. 24, 25 e 26
[SUS · Financiamento] Art. 33 – conta especial e fiscalização;Art. 33: os recursos financeiros do SUS serão depositados em conta especial, em cada esfera de sua atuação, e movimentados sob fiscalização dos respectivos Conselhos de Saúde. — Lei 8.080/1990, art. 33
[SUS · Gestão municipal do SUS] Art. 36 – planejamento ascendente;Art. 36: o processo de planejamento e orçamento do SUS será ascendente, do nível local até o federal, ouvidos seus órgãos deliberativos, compatibilizando-se as necessidades da política de saúde com a disponibilidade de recursos em planos de saúde dos Municípios, Estados, DF e União. — Lei 8.080/1990, art. 36
[SUS · Lei nº 8.080/1990] Art. 19-J – acompanhante no parto;Art. 19-J: os serviços de saúde do SUS, da rede própria ou conveniada, ficam obrigados a permitir a presença, junto à parturiente, de 1 acompanhante durante todo o período de trabalho de parto, parto e pós-parto imediato, indicado pela parturiente. — Lei 8.080/1990, art. 19-J (Lei 11.108/2005)
[SUS · Lei nº 8.080/1990] Arts. 19-Q e 19-R – incorporação de tecnologias;Art. 19-Q: a incorporação, exclusão ou alteração de medicamentos, produtos e procedimentos são atribuições do Ministério da Saúde, assessorado pela CONITEC. Art. 19-R: processo concluído em até 180 dias, prorrogáveis por 90 dias. — Lei 8.080/1990, arts. 19-Q, 19-R e 19-T (Lei 12.401/2011)
[SUS · Controle social] Conferência de Saúde;Art. 1º, § 1º: a Conferência de Saúde reunir-se-á a cada quatro anos com a representação dos vários segmentos sociais, para avaliar a situação de saúde e propor as diretrizes para a formulação da política de saúde, convocada pelo Poder Executivo ou, extraordinariamente, por esta ou pelo Conselho de Saúde. — Lei 8.142/1990, art. 1º, § 1º
[SUS · Controle social] Conselho de Saúde – natureza;Art. 1º, § 2º: o Conselho de Saúde, em caráter permanente e deliberativo, atua na formulação de estratégias e no controle da execução da política de saúde, inclusive nos aspectos econômicos e financeiros, cujas decisões serão homologadas pelo chefe do poder legalmente constituído em cada esfera do governo. — Lei 8.142/1990, art. 1º, § 2º
[SUS · Controle social] Conselho de Saúde – paridade;Art. 1º, § 4º: a representação dos usuários será paritária em relação ao conjunto dos demais segmentos. A Resolução CNS 453/2012 orienta: 50% usuários, 25% trabalhadores da saúde e 25% gestores/prestadores. — Lei 8.142/1990, art. 1º, § 4º, Res. CNS 453/2012
[SUS · Financiamento] Lei 8.142 – requisitos para receber recursos;Art. 4º: para receber recursos, Municípios, Estados e DF devem contar com Fundo de Saúde, Conselho de Saúde paritário, plano de saúde, relatórios de gestão, contrapartida no orçamento e comissão de PCCS. Parágrafo único: o não atendimento implica a administração dos recursos pelos Estados ou pela União, respectivamente. — Lei 8.142/1990, art. 4º e parágrafo único
[SUS · Financiamento] Lei 8.142 – rateio aos municípios;Art. 3º: os recursos serão repassados de forma regular e automática para Municípios, Estados e DF. § 2º: os recursos serão destinados, pelo menos 70%, aos Municípios, afetando-se o restante aos Estados. § 3º: municípios podem estabelecer consórcio. — Lei 8.142/1990, art. 3º, §§ 2º e 3º
[SUS · Financiamento] LC 141/2012 – despesas não computáveis;Art. 4º da LC 141/2012: não constituem despesas com ações e serviços públicos de saúde, entre outras, o pagamento de aposentadorias e pensões, inclusive dos servidores da saúde (I), e obras de infraestrutura, ainda que realizadas para beneficiar direta ou indiretamente a rede de saúde (IX). — LC 141/2012, art. 4º, I e IX
[SUS · Indicadores e monitoramento] LC 141/2012 – prestação de contas;Art. 36, § 5º, da LC 141/2012: o gestor do SUS apresentará, até o final dos meses de maio, setembro e fevereiro, em audiência pública na Casa Legislativa do respectivo ente, o Relatório detalhado do quadrimestre anterior (RDQA). — LC 141/2012, art. 36, § 5º
[SUS · Gestão municipal do SUS] Instrumentos de planejamento;O Plano de Saúde, base das atividades e programações de cada nível, tem vigência de quatro anos, é submetido ao Conselho de Saúde e operacionalizado anualmente pela Programação Anual de Saúde, o Relatório Anual de Gestão apresenta os resultados. — Lei 8.080/1990, art. 36, Lei 8.142/1990, art. 4º, III, LC 141/2012, art. 36, Portaria de Consolidação GM/MS 1/2017
[SUS · APS e ESF] Atributos da APS – longitudinalidade;Longitudinalidade: continuidade da relação de cuidado, com construção de vínculo e responsabilização entre profissionais e usuários ao longo do tempo e de modo permanente. — PNAB – Portaria de Consolidação GM/MS 2/2017, Anexo XXII (Portaria 2.436/2017)
[SUS · APS e ESF] ESF – população adscrita;A PNAB/2017 recomenda população adscrita por equipe de Atenção Básica e de Saúde da Família de 2.000 a 3.500 pessoas, podendo haver parâmetros diferentes conforme especificidades, vulnerabilidade e riscos do território. — PNAB – Portaria de Consolidação GM/MS 2/2017, Anexo XXII
[SUS · APS e ESF] Decreto 7.508/2011 – portas de entrada;Art. 9º do Decreto 7.508/2011: são Portas de Entrada às ações e serviços de saúde nas Redes de Atenção à Saúde: I – de atenção primária, II – de atenção de urgência e emergência, III – de atenção psicossocial, IV – especiais de acesso aberto. — Decreto 7.508/2011, arts. 9º e 10
[SUS · APS e ESF] Decreto 7.508/2011 – Região de Saúde;Art. 5º: para ser instituída, a Região de Saúde deve conter, no mínimo, ações e serviços de: I – atenção primária, II – urgência e emergência, III – atenção psicossocial, IV – atenção ambulatorial especializada e hospitalar, V – vigilância em saúde. — Decreto 7.508/2011, arts. 4º e 5º
[SUS · Indicadores e monitoramento] Mortalidade infantil – cálculo;Mortalidade infantil = (óbitos de menores de 1 ano ÷ nascidos vivos) × 1.000 = 12 ÷ 1.500 × 1.000 = 8 por mil nascidos vivos. — Indicadores básicos de saúde (RIPSA)
[SUS · Indicadores e monitoramento] Eficácia, eficiência e efetividade;Eficácia: efeito em condições ideais ou alcance dos objetivos, eficiência: relação entre resultados e recursos/custos, efetividade: impacto real nas condições de saúde da população. — Avaliação em saúde (Donabedian, conceitos de eficácia, eficiência e efetividade)
[SUS · Indicadores e monitoramento] Incidência × prevalência;Incidência = casos novos ÷ população em risco × 100.000 = 40 ÷ 20.000 × 100.000 = 200. Prevalência pontual = 70 ÷ 20.000 × 100.000 = 350. — Epidemiologia descritiva – medidas de frequência
[SUS · Controle social] Convocação da Conferência;Art. 1º, § 1º, da Lei 8.142/1990: a Conferência será convocada pelo Poder Executivo ou, extraordinariamente, por esta ou pelo Conselho de Saúde. — Lei 8.142/1990, art. 1º, § 1º
